City,Lat,Lng,Max Temp,Humidity,Cloudiness,Wind Speed,Country,Date
Goderich,43.7501,-81.7165,35.6,55,100,4.61,CA,2021-04-20 17:04:15
Chala,-7.5833,31.2667,60.8,94,75,5.75,TZ,2021-04-20 17:04:15
Hofn,64.2539,-15.2082,36.91,43,14,7.81,IS,2021-04-20 17:02:30
Butaritari,3.0707,172.7902,82.11,76,91,18.61,KI,2021-04-20 17:01:27
Hermanus,-34.4187,19.2345,60.01,90,100,5.01,ZA,2021-04-20 17:01:12
Kapaa,22.0752,-159.319,78.8,69,75,8.05,US,2021-04-20 17:01:22
Lusambo,-4.9667,23.45,67.78,99,99,2.37,CD,2021-04-20 17:04:17
Rikitea,-23.1203,-134.9692,77.5,72,3,3.04,PF,2021-04-20 16:59:52
Mataura,-46.1927,168.8643,57,84,31,5.99,NZ,2021-04-20 17:00:57
Wajima,37.4,136.9,53.6,43,20,2.3,JP,2021-04-20 17:04:17
Salta,-24.7859,-65.4117,68,83,40,4.61,AR,2021-04-20 17:00:35
San Patricio,28.017,-97.5169,75.99,60,20,12.66,US,2021-04-20 17:01:47
Nosy Varika,-20.5833,48.5333,70.45,84,100,7.85,MG,2021-04-20 17:04:18
Coyhaique,-45.5752,-72.0662,50,66,75,10.36,CL,2021-04-20 17:02:09
Thompson,55.7435,-97.8558,33.8,69,75,16.11,CA,2021-04-20 16:56:45
Hashtrūd,37.4779,47.0508,57.36,45,87,2.44,IR,2021-04-20 17:04:19
Ushuaia,-54.8,-68.3,44.6,49,20,6.91,AR,2021-04-20 16:57:11
Novobelokatay,55.7062,58.9549,33.44,63,0,1.5,RU,2021-04-20 17:04:20
Waslala,13.2333,-85.3833,77,69,40,2.53,NI,2021-04-20 17:04:20
Punta Arenas,-53.15,-70.9167,41,75,0,9.22,CL,2021-04-20 17:01:19
Chokurdakh,70.6333,147.9167,25.09,94,100,4.92,RU,2021-04-20 16:59:47
Vaini,-21.2,-175.2,84.2,79,20,5.75,TO,2021-04-20 17:01:04
East London,-33.0153,27.9116,65.71,84,60,12.39,ZA,2021-04-20 16:59:51
Kaitangata,-46.2817,169.8464,61.43,52,9,3.83,NZ,2021-04-20 17:02:20
Tari,12.4086,4.4914,90.21,34,56,9.19,NG,2021-04-20 17:04:22
Cape Town,-33.9258,18.4232,59,88,68,5.75,ZA,2021-04-20 16:59:56
San Juan del Sur,11.2529,-85.8705,82.4,78,40,6.91,NI,2021-04-20 17:04:22
Port Elizabeth,-33.918,25.5701,60.8,94,0,5.75,ZA,2021-04-20 17:01:14
Pingliang,35.5392,106.6861,46.99,36,82,10,CN,2021-04-20 17:04:23
Kigoma,-4.8769,29.6267,68,94,75,5.64,TZ,2021-04-20 17:04:23
Carnarvon,-24.8667,113.6333,62.6,72,0,8.05,AU,2021-04-20 17:01:31
Balikpapan,-1.2675,116.8289,77.22,87,100,5.84,ID,2021-04-20 17:03:00
Saint Paul Harbor,57.79,-152.4072,44.6,81,90,10.36,US,2021-04-20 17:01:10
Camocim,-2.9022,-40.8411,77.61,82,81,5.28,BR,2021-04-20 17:04:24
Kerūr,16.0167,75.5667,75.42,66,35,10.67,IN,2021-04-20 17:04:25
Albany,42.6001,-73.9662,51.01,50,98,7.16,US,2021-04-20 17:00:08
Bull Savanna,17.8868,-77.5902,74.17,81,39,12.1,JM,2021-04-20 17:04:26
Yar-Sale,66.8333,70.8333,14.23,98,99,6.29,RU,2021-04-20 17:04:26
Sisimiut,66.9395,-53.6735,20.52,73,1,5.93,GL,2021-04-20 17:04:27
Bethel,41.3712,-73.414,69.8,35,1,10.36,US,2021-04-20 16:58:02
Mogadishu,2.0371,45.3438,82.6,75,85,11.68,SO,2021-04-20 17:04:27
Bengkulu,-3.8004,102.2655,76.26,87,44,3.85,ID,2021-04-20 17:01:35
Bredasdorp,-34.5322,20.0403,57.2,94,100,4.14,ZA,2021-04-20 17:01:30
Loukhi,66.0764,33.0381,33.21,84,20,6.38,RU,2021-04-20 17:04:28
Cururupu,-1.8283,-44.8683,73.15,96,93,2.17,BR,2021-04-20 17:04:29
Tuktoyaktuk,69.4541,-133.0374,17.6,86,90,33.38,CA,2021-04-20 17:01:06
Zhicheng,30.2956,111.5047,60.01,96,100,1.14,CN,2021-04-20 17:04:29
Skellefteå,64.7507,20.9528,33.01,74,18,4.61,SE,2021-04-20 17:02:11
Yumen,40.2833,97.2,55.26,21,31,6.08,CN,2021-04-20 17:04:30
Banda Aceh,5.5577,95.3222,80.8,78,73,7.47,ID,2021-04-20 17:04:31
Port Alfred,-33.5906,26.891,66.15,82,77,13.09,ZA,2021-04-20 17:01:42
Tiksi,71.6872,128.8694,13.01,93,100,10.4,RU,2021-04-20 17:02:01
Khovu-Aksy,51.1333,93.6,18.27,61,100,6.24,RU,2021-04-20 17:04:31
Valença,-13.3703,-39.0731,73.78,96,63,1.74,BR,2021-04-20 17:04:32
Laguna,38.421,-121.4238,73.99,40,1,14.97,US,2021-04-20 17:04:32
Bandarbeyla,9.4942,50.8122,81,78,99,1.57,SO,2021-04-20 17:01:55
Marion,39.7684,-86.1555,34,100,90,9.22,US,2021-04-20 17:02:00
Yellowknife,62.456,-114.3525,46.4,53,1,5.75,CA,2021-04-20 17:00:06
‘Ewa Beach,21.3156,-158.0072,80.6,57,1,12.66,US,2021-04-20 17:04:33
Lüderitz,-26.6481,15.1594,69.96,58,15,5.95,NA,2021-04-20 17:04:34
Pudozh,61.8099,36.5345,33.33,78,89,5.19,RU,2021-04-20 17:04:34
George Town,5.4112,100.3354,81,89,20,2.3,MY,2021-04-20 17:01:14
São João da Barra,-21.6403,-41.0511,72.23,73,74,13.18,BR,2021-04-20 17:03:00
Atuona,-9.8,-139.0333,80.51,74,4,17.36,PF,2021-04-20 17:01:29
Ketchikan,55.3422,-131.6461,57.2,62,1,12.66,US,2021-04-20 17:01:44
Mar del Plata,-38.0023,-57.5575,68,88,20,12.66,AR,2021-04-20 17:01:41
Karratha,-20.7377,116.8463,78.69,43,11,4.83,AU,2021-04-20 17:03:41
Meulaboh,4.1363,96.1285,77.52,85,92,3.42,ID,2021-04-20 17:04:36
Fortuna,40.5982,-124.1573,54,93,90,16.11,US,2021-04-20 17:01:11
Ciudad Bolivar,8.1222,-63.5497,87.55,41,91,15.7,VE,2021-04-20 17:04:37
Longyearbyen,78.2186,15.6401,26.6,68,75,10.36,SJ,2021-04-20 17:01:42
Kendari,-3.945,122.4989,78.04,86,100,3.74,ID,2021-04-20 17:04:37
Port Hardy,50.6996,-127.4199,53.6,71,40,18.41,CA,2021-04-20 17:00:09
Yoichi,43.2039,140.7703,50,39,20,20.71,JP,2021-04-20 17:04:38
Saint George,37.1041,-113.5841,79,10,1,2.1,US,2021-04-20 17:00:28
New Norfolk,-42.7826,147.0587,46.99,72,18,1.01,AU,2021-04-20 17:01:15
Bluff,-46.6,168.3333,57,84,74,5.99,NZ,2021-04-20 17:01:03
Coquimbo,-29.9533,-71.3436,60.8,77,20,2.3,CL,2021-04-20 16:58:26
Arraial do Cabo,-22.9661,-42.0278,69.8,100,75,8.05,BR,2021-04-20 17:00:11
Busselton,-33.65,115.3333,56.98,79,2,9.53,AU,2021-04-20 17:01:07
Sehithwa,-20.4667,22.7167,59.74,43,0,7.81,BW,2021-04-20 17:04:39
Hilo,19.7297,-155.09,86,45,1,13.8,US,2021-04-20 17:00:11
Américo Brasiliense,-21.7244,-48.1017,62.04,81,4,10.98,BR,2021-04-20 17:04:40
Kholmogory,64.2229,41.656,37.4,44,0,6.71,RU,2021-04-20 17:04:40
Cherskiy,68.75,161.3,35.56,79,39,22.06,RU,2021-04-20 17:01:57
Saskylakh,71.9167,114.0833,-3.05,95,92,2.15,RU,2021-04-20 17:00:59
Upernavik,72.7868,-56.1549,5.72,86,99,6.38,GL,2021-04-20 17:00:29
Voh,-20.9667,164.7,80.51,73,87,3.51,NC,2021-04-20 17:03:10
Puerto Ayora,-0.7393,-90.3518,77,94,77,5.19,EC,2021-04-20 17:01:05
Wum,6.3833,10.0667,66.94,84,100,3.96,CM,2021-04-20 17:04:42
Port Lincoln,-34.7333,135.8667,57.69,50,25,5.06,AU,2021-04-20 17:03:01
Mackay,-21.15,149.2,78.8,69,75,5.75,AU,2021-04-20 17:04:43
Deputatsky,69.3,139.9,17.01,85,100,2.08,RU,2021-04-20 17:01:08
Hobart,-42.8794,147.3294,48.99,66,20,11.5,AU,2021-04-20 17:00:11
Kahului,20.8947,-156.47,84.2,54,40,11.5,US,2021-04-20 17:01:08
Shepetivka,50.1855,27.0637,39.61,93,70,5.06,UA,2021-04-20 17:04:44
San Jose,37.3394,-121.895,62.01,55,20,16.11,US,2021-04-20 16:59:54
San Policarpo,12.1791,125.5072,80.19,79,100,7.74,PH,2021-04-20 17:03:10
Vallenar,-28.5708,-70.7581,59.07,70,0,1.7,CL,2021-04-20 17:04:45
San Cristobal,7.7669,-72.225,86,62,40,8.05,VE,2021-04-20 17:03:18
Benguela,-12.5763,13.4055,79.07,86,31,2.26,AO,2021-04-20 17:04:46
Sikonge,-5.6333,32.7667,62.55,93,100,4.56,TZ,2021-04-20 17:04:46
Gambēla,8.25,34.5833,82.94,38,79,3.04,ET,2021-04-20 17:01:41
Lagoa,39.05,-27.9833,61.54,89,100,19.37,PT,2021-04-20 17:02:22
Tuscaloosa,33.2098,-87.5692,73.4,35,1,3.24,US,2021-04-20 17:02:57
Narsaq,60.9167,-46.05,37.4,56,75,2.3,GL,2021-04-20 17:02:39
Ilo,-17.6394,-71.3375,68.38,83,52,7,PE,2021-04-20 17:02:53
Marsh Harbour,26.5412,-77.0636,78.96,79,100,12.48,BS,2021-04-20 17:03:02
Seydi,39.4816,62.9137,60.93,50,49,10.56,TM,2021-04-20 17:04:48
Yulin,22.6333,110.15,73.42,89,100,4.97,CN,2021-04-20 17:00:15
Eyl,7.9803,49.8164,81.43,79,85,7.11,SO,2021-04-20 17:04:49
Mahébourg,-20.4081,57.7,77,94,75,6.91,MU,2021-04-20 17:01:33
Muzhi,65.3667,64.6667,25.48,88,41,4.12,RU,2021-04-20 17:04:50
Castro,-24.7911,-50.0119,55.69,95,34,5.5,BR,2021-04-20 17:01:59
Jamestown,42.097,-79.2353,37,69,90,6.91,US,2021-04-20 17:01:37
Dalvik,65.9702,-18.5286,41,56,75,10.36,IS,2021-04-20 17:04:51
Ponta do Sol,32.6667,-17.1,60.01,65,86,3,PT,2021-04-20 17:00:53
Tiznit Province,29.5833,-9.5,59.41,77,10,5.39,MA,2021-04-20 17:04:51
Port Blair,11.6667,92.75,80.37,75,53,2.33,IN,2021-04-20 17:02:44
Nhamundá,-2.1861,-56.7131,72.25,96,66,2.82,BR,2021-04-20 17:04:52
Avarua,-21.2078,-159.775,80.6,69,40,12.66,CK,2021-04-20 17:01:02
Salalah,17.0151,54.0924,82.4,69,0,3.44,OM,2021-04-20 17:03:26
Havre-St-Pierre,50.2334,-63.5986,39.2,87,90,5.75,CA,2021-04-20 17:03:15
Isangel,-19.55,169.2667,86,74,75,5.75,VU,2021-04-20 17:00:56
Oussouye,12.485,-16.5469,75.2,83,0,6.91,SN,2021-04-20 17:04:53
Kamaishi,39.2667,141.8833,53.6,47,20,11.5,JP,2021-04-20 17:04:54
Darhan,49.4867,105.9228,36.86,58,2,13.65,MN,2021-04-20 17:01:17
Qaanaaq,77.484,-69.3632,-1.62,70,96,6.87,GL,2021-04-20 17:01:00
Inongo,-1.95,18.2667,72.82,96,83,4.32,CD,2021-04-20 17:04:54
Bodden Town,19.2833,-81.25,84.2,70,40,9.22,KY,2021-04-20 17:04:55
Walvis Bay,-22.9575,14.5053,75,66,14,3.36,NA,2021-04-20 17:04:55
Aklavik,68.2191,-135.0107,21.2,73,90,16.11,CA,2021-04-20 17:02:55
Ulladulla,-35.35,150.4667,60.01,47,0,11.5,AU,2021-04-20 17:04:56
Chui,-33.6971,-53.4616,65.53,82,3,11.1,UY,2021-04-20 17:01:13
Hasaki,35.7333,140.8333,66,52,20,12.66,JP,2021-04-20 17:02:32
Rafrāf,37.1904,10.1837,59,82,20,3.44,TN,2021-04-20 17:04:57
St. George's,12.0564,-61.7485,78.8,78,20,12.66,GD,2021-04-20 17:01:39
Sioux Lookout,50.1001,-91.917,28.4,40,75,8.05,CA,2021-04-20 17:04:57
Znamenskoye,57.1281,73.8282,26.31,89,51,8.84,RU,2021-04-20 17:03:06
Namatanai,-3.6667,152.4333,85.3,69,99,10.6,PG,2021-04-20 17:02:34
Bambous Virieux,-20.3428,57.7575,77,94,75,6.91,MU,2021-04-20 17:01:17
Sokoni,-6.4333,39.55,78.8,89,40,16.11,TZ,2021-04-20 17:04:58
Provideniya,64.3833,-173.3,30.2,59,0,4.47,RU,2021-04-20 17:01:31
Ulaanbaatar,47.9077,106.8832,39.2,45,0,3.8,MN,2021-04-20 17:03:37
Blagoveshchenka,52.8333,79.8667,27.23,49,44,8.88,RU,2021-04-20 17:04:59
Faanui,-16.4833,-151.75,81.95,70,57,8.37,PF,2021-04-20 17:02:33
Hithadhoo,-0.6,73.0833,82.35,66,64,6.29,MV,2021-04-20 17:02:19
Dobson,36.3957,-80.7226,68,37,1,5.75,US,2021-04-20 17:05:00
Pajarito,5.2929,-72.7028,71.98,74,99,3.62,CO,2021-04-20 17:05:00
Lucapa,-8.4192,20.7447,66.38,95,100,1.39,AO,2021-04-20 17:05:01
Kenai,60.5544,-151.2583,50,81,1,11.5,US,2021-04-20 17:05:01
Jumla,29.2747,82.1838,42.37,96,100,5.88,NP,2021-04-20 17:05:02
Baykit,61.67,96.37,22.48,91,100,4.25,RU,2021-04-20 17:03:54
Onega,63.9061,38.1404,33.6,75,0,6.24,RU,2021-04-20 17:05:02
Saint-Leu,-21.15,55.2833,75.2,88,90,5.75,RE,2021-04-20 17:05:03
Anadyr,64.75,177.4833,15.8,92,40,2.24,RU,2021-04-20 17:05:03
Ribeira Grande,38.5167,-28.7,62.19,91,100,13.96,PT,2021-04-20 17:00:56
Arman',59.7,150.1667,34.63,92,100,12.71,RU,2021-04-20 17:05:04
Port Macquarie,-31.4333,152.9167,73.99,59,10,1.99,AU,2021-04-20 17:05:04
Litovko,49.2361,135.1742,44.15,38,0,2.37,RU,2021-04-20 17:05:05
Barrow,71.2906,-156.7887,19.4,73,1,13.8,US,2021-04-20 17:01:38
Camopi,3.1655,-52.3158,70.56,99,100,2.39,GF,2021-04-20 17:05:05
Licata,37.1071,13.9461,48,76,40,6.91,IT,2021-04-20 17:05:06
Dulovo,43.8167,27.15,50,82,62,1.01,BG,2021-04-20 17:05:06
Karpinsk,59.7654,60.0085,31.59,84,5,2.75,RU,2021-04-20 17:05:07
Egvekinot,66.3167,-179.1667,21.61,78,40,3.89,RU,2021-04-20 17:02:06
Oskemen,49.9565,82.6119,12.2,92,4,2.42,KZ,2021-04-20 17:05:07
Chiltepec,18.4847,-96.9019,79.95,59,46,6.51,MX,2021-04-20 17:05:08
Cabo San Lucas,22.8909,-109.9124,80.6,50,1,10.36,MX,2021-04-20 16:57:41
Guerrero Negro,27.9769,-114.0611,67.06,60,5,15.93,MX,2021-04-20 17:02:58
Leningradskiy,69.3833,178.4167,35.94,72,45,7.02,RU,2021-04-20 17:03:33
Boa Vista,2.8197,-60.6733,84.2,48,0,5.75,BR,2021-04-20 17:05:09
Maxixe,-23.8597,35.3472,68.36,89,12,6.46,MZ,2021-04-20 17:05:09
Tongliao,43.6125,122.2653,65.26,35,4,14.79,CN,2021-04-20 17:00:09
Broome,42.2506,-75.833,46,65,1,6.91,US,2021-04-20 17:05:10
Lithgow,-33.4833,150.15,48,100,44,8.34,AU,2021-04-20 17:05:10
Moerai,-22.4333,-151.3333,76.39,75,55,20.69,PF,2021-04-20 17:05:10
Flin Flon,54.7682,-101.865,39.2,48,90,4.61,CA,2021-04-20 17:05:11
Chapais,49.7834,-74.8492,23,80,90,11.5,CA,2021-04-20 17:01:32
Bonthe,7.5264,-12.505,81.81,81,52,7.87,SL,2021-04-20 17:02:37
Develi,38.3906,35.4922,46.4,66,0,2.3,TR,2021-04-20 17:05:12
Dzilam González,21.2833,-88.9333,78.93,83,91,4.9,MX,2021-04-20 17:05:12
Sept-Îles,50.2001,-66.3821,41,87,100,9.22,CA,2021-04-20 17:04:26
Nāwa,27.0167,75,66.56,58,0,3.49,IN,2021-04-20 17:05:13
Lorengau,-2.0226,147.2712,84.94,73,100,10.22,PG,2021-04-20 17:03:53
Dhārchula,29.85,80.5333,58.28,72,100,2.8,IN,2021-04-20 17:05:13
Lichinga,-13.3128,35.2406,59,94,40,6.91,MZ,2021-04-20 17:05:14
Rundu,-17.9333,19.7667,58.3,48,0,6.2,NA,2021-04-20 17:05:14
Kemisē,10.7167,39.8667,67.46,49,53,4.38,ET,2021-04-20 17:05:15
Saint-Philippe,-21.3585,55.7679,75.2,88,90,5.75,RE,2021-04-20 17:02:21
Richards Bay,-28.783,32.0377,66.38,88,81,5.55,ZA,2021-04-20 17:03:17
Maceió,-9.6658,-35.7353,77,88,0,4.61,BR,2021-04-20 17:04:02
Norman Wells,65.282,-126.8329,32,69,90,19.57,CA,2021-04-20 17:05:16
Kiryat Gat,31.61,34.7642,63,100,1,2.82,IL,2021-04-20 17:02:33
Dikson,73.5069,80.5464,8.92,93,100,21.27,RU,2021-04-20 17:00:58
Hamilton,39.1834,-84.5333,50,60,99,5.01,US,2021-04-20 16:58:23
Raudeberg,61.9875,5.1352,36,94,99,13.71,NO,2021-04-20 17:05:17
Dhidhdhoo,6.8833,73.1,83.66,72,94,8.19,MV,2021-04-20 17:05:17
Abu Samrah,35.3029,37.1841,65.17,52,13,5.01,SY,2021-04-20 17:02:43
Saldanha,-33.0117,17.9442,60.8,72,86,1.14,ZA,2021-04-20 17:01:21
Vardø,70.3705,31.1107,44.6,53,0,8.05,NO,2021-04-20 17:03:48
Korla,41.7597,86.1469,61.47,31,78,3.02,CN,2021-04-20 17:03:44
Sakaiminato,35.55,133.2333,55.4,71,20,3.44,JP,2021-04-20 17:02:03
Barcelos,41.5388,-8.6151,57,94,75,3.44,PT,2021-04-20 17:02:03
Ahipara,-35.1667,173.1667,68.18,73,22,8.32,NZ,2021-04-20 17:01:52
Orange Cove,36.6244,-119.3137,86,24,83,3,US,2021-04-20 17:05:19
Grand Bend,43.3168,-81.7498,33.01,90,100,5.1,CA,2021-04-20 17:05:19
Indramayu,-6.3264,108.32,78.44,73,1,6.44,ID,2021-04-20 17:05:20
Polyarny,69.1989,33.4478,39.2,56,0,8.95,RU,2021-04-20 17:05:20
Kailua,21.4022,-157.7394,80.6,69,75,9.22,US,2021-04-20 17:02:59
Abatskiy,56.2875,70.4555,29.44,94,40,7.2,RU,2021-04-20 17:05:21
Curup,-3.4667,102.5333,68.59,97,68,2.39,ID,2021-04-20 17:05:21
Maragogi,-9.0122,-35.2225,77.9,84,57,6.78,BR,2021-04-20 17:05:22
Acapulco de Juárez,16.8634,-99.8901,84.2,70,40,12.66,MX,2021-04-20 17:01:42
Shenzhen,22.5455,114.0683,77,71,74,1.01,CN,2021-04-20 17:02:26
Patrocínio,-18.9439,-46.9925,68,64,0,4.61,BR,2021-04-20 17:03:29
Bhadrapur,26.544,88.0944,76.69,49,7,10.16,NP,2021-04-20 17:05:23
Geraldton,-28.7667,114.6,64.4,63,0,12.66,AU,2021-04-20 17:05:23
Malakal,9.5334,31.6605,87.78,31,71,4.41,SS,2021-04-20 17:05:24
Sittwe,20.15,92.9,76.77,87,3,4.41,MM,2021-04-20 17:02:23
Bathsheba,13.2167,-59.5167,78.8,61,20,18.41,BB,2021-04-20 17:01:42
Souillac,-20.5167,57.5167,77,94,75,6.91,MU,2021-04-20 17:01:57
Macedo de Cavaleiros,41.5382,-6.9611,46.99,91,45,1.01,PT,2021-04-20 17:05:25
Tarko-Sale,64.9225,77.785,-2,83,16,3.38,RU,2021-04-20 17:05:25
Codrington,-38.2667,141.9667,52.32,59,100,9.15,AU,2021-04-20 17:05:25
Beloha,-25.1667,45.05,69.55,78,80,13.71,MG,2021-04-20 17:05:26
Durgapur,23.4833,87.3167,76.69,83,4,6.96,IN,2021-04-20 17:05:26
Lakes Entrance,-37.8811,147.981,53.01,72,96,1.99,AU,2021-04-20 17:05:27
Isil'kul',54.9109,71.2728,31.57,71,86,10.83,RU,2021-04-20 17:05:27
Manggar,-2.8833,108.2667,83.17,70,1,6.53,ID,2021-04-20 17:05:28
Conakry,9.538,-13.6773,82.4,78,20,6.91,GN,2021-04-20 17:05:28
Meckenheim,50.6333,7.0167,48.99,75,67,1.99,DE,2021-04-20 17:05:28
Pamekasan,-7.1568,113.4746,78.71,73,4,0.81,ID,2021-04-20 17:05:29
Muravlenko,63.7898,74.523,1,98,43,3.65,RU,2021-04-20 17:05:29
Chifeng,42.2683,118.9636,63.05,35,48,10.47,CN,2021-04-20 17:00:31
Clyde River,70.4692,-68.5914,3.2,92,20,8.05,CA,2021-04-20 17:01:48
Lubao,14.9167,120.55,82.4,83,90,2.3,PH,2021-04-20 17:05:30
Honningsvåg,70.9821,25.9704,41.14,80,8,20.51,NO,2021-04-20 17:05:31
Nemuro,43.3236,145.575,44.6,33,75,12.66,JP,2021-04-20 17:05:31
Yerbogachën,61.2767,108.0108,20.64,88,100,4.81,RU,2021-04-20 17:05:31
Sarangani,5.4033,125.4636,82.76,74,95,15.28,PH,2021-04-20 17:01:52
Port Said,31.2565,32.2841,62.6,77,0,11.5,EG,2021-04-20 17:05:32
Rodolfo Sánchez Taboada,31.7167,-116.5667,62.01,74,53,5.99,MX,2021-04-20 17:05:32
Mangalore,12.8667,74.8833,77,88,40,3.44,IN,2021-04-20 17:01:31
Ostrovnoy,68.0531,39.5131,34.97,67,0,18.72,RU,2021-04-20 17:02:08
Manuk Mangkaw,4.8,119.85,81.1,77,99,2.55,PH,2021-04-20 17:05:33
Olafsvik,64.8945,-23.7142,39.61,82,63,11.25,IS,2021-04-20 17:05:34
Filingué,14.3521,3.3168,90.73,23,24,9.6,NE,2021-04-20 17:05:34
San Francisco,37.7749,-122.4194,60.01,67,75,35.68,US,2021-04-20 16:52:06
Gubkinskiy,64.434,76.5026,-0.9,98,59,3.69,RU,2021-04-20 17:05:35
Gazojak,41.1875,61.4036,53.37,45,24,14.99,TM,2021-04-20 17:05:35
Mujiayingzi,42.1167,118.7833,61.61,36,52,9.31,CN,2021-04-20 17:05:36
Novozybkov,52.5396,31.9275,46,100,90,6.71,RU,2021-04-20 17:05:36
Talnakh,69.4865,88.3972,-5.84,88,84,0.54,RU,2021-04-20 17:01:11
La Asuncion,11.0333,-63.8628,77.05,80,26,17.27,VE,2021-04-20 17:05:37
Esperance,-33.8667,121.9,53.6,100,75,5.75,AU,2021-04-20 17:01:47
Inza,53.8533,46.3586,38.3,78,100,23.49,RU,2021-04-20 17:05:37
Tongren,27.7172,109.1853,63.63,98,100,0.89,CN,2021-04-20 17:05:38
Mahon,39.8885,4.2658,55.4,88,20,8.05,ES,2021-04-20 17:01:45
Alzamay,55.5562,98.6644,21.52,70,19,10.25,RU,2021-04-20 17:05:38
Guasdualito,7.2424,-70.7324,81.75,49,87,2.66,VE,2021-04-20 17:05:39
Katobu,-4.9408,122.5276,78.06,85,99,1.74,ID,2021-04-20 17:03:01
Aguçadoura,41.4318,-8.7804,57,94,75,3.44,PT,2021-04-20 17:01:38
Marawi,7.9986,124.2928,81,69,98,3,PH,2021-04-20 17:01:49
Mundo Nuevo (Ojo de Agua),18.7,-95.5,76.86,82,64,12.91,MX,2021-04-20 17:05:40
Raja,8.4596,25.678,78.31,59,100,8.39,SS,2021-04-20 17:03:36
Mahārāganj,27.1333,83.5667,80.6,28,83,8.79,IN,2021-04-20 17:05:41
Nikolskoye,59.7035,30.7861,42.01,60,0,11.18,RU,2021-04-20 17:00:43
Prince Rupert,54.3161,-130.3201,48.2,81,75,10.36,CA,2021-04-20 17:03:10
Punta Alta,-38.8759,-62.0736,67.89,68,23,18.23,AR,2021-04-20 17:05:42
Luanda,-8.8368,13.2343,77,88,97,3.44,AO,2021-04-20 17:00:15
Monywa,22.1167,95.1333,83.37,23,0,1.12,MM,2021-04-20 17:05:42
Policarpa,1.6323,-77.462,69.64,96,70,3.6,CO,2021-04-20 17:05:43
Sueyoshichō-ninokata,31.65,131.0167,62.6,67,0,3.44,JP,2021-04-20 17:05:43
Mitsamiouli,-11.3847,43.2844,80.64,72,93,6.76,KM,2021-04-20 17:03:57
Torbay,47.6666,-52.7314,37,93,90,19.57,CA,2021-04-20 17:02:32
Khatanga,71.9667,102.5,-3.19,97,100,3.13,RU,2021-04-20 17:01:14
Planadas,3.197,-75.6451,68,90,71,3.42,CO,2021-04-20 17:05:44
Dingle,10.9995,122.6711,83.26,70,100,9.06,PH,2021-04-20 17:01:06
Hermiston,45.8404,-119.2895,68,17,1,13.8,US,2021-04-20 17:05:45
Lompoc,34.6391,-120.4579,55.4,71,58,12.66,US,2021-04-20 16:59:12
Suntar,62.1444,117.6319,19.49,77,100,6.55,RU,2021-04-20 17:05:45
Sur,22.5667,59.5289,83.3,35,4,10.47,OM,2021-04-20 17:05:46
Poya,-21.35,165.15,79.41,72,63,4.05,NC,2021-04-20 17:05:46
Mīnāb,27.1467,57.0801,75.2,73,20,6.91,IR,2021-04-20 17:05:47
Zaranj,30.9667,61.8833,73.13,27,0,19.28,AF,2021-04-20 17:05:47
Chingirlau,51.095,54.0814,34.34,51,93,15.1,KZ,2021-04-20 17:05:47
Santa Maria,-29.6842,-53.8069,68,68,0,6.91,BR,2021-04-20 17:05:48
Birao,10.2849,22.7882,83.21,35,72,3.8,CF,2021-04-20 17:05:48
Sobolevo,54.4299,31.8996,37.42,90,100,5.35,RU,2021-04-20 17:05:49
Yulara,-25.2406,130.9889,68,26,0,8.05,AU,2021-04-20 17:05:49
Padang,-0.9492,100.3543,75.2,94,20,2.3,ID,2021-04-20 17:02:04
Emerald,-23.5333,148.1667,80.01,65,79,6.91,AU,2021-04-20 17:05:50
Ancud,-41.8697,-73.8203,48.99,100,90,8.7,CL,2021-04-20 17:01:43
Santa Cruz del Sur,20.7147,-77.9956,79.83,75,33,9.53,CU,2021-04-20 17:05:50
Aswān,24.0934,32.907,86.14,26,14,9.37,EG,2021-04-20 17:05:51
Te Anau,-45.4167,167.7167,57.42,66,94,1.32,NZ,2021-04-20 17:05:51
Smiltene,57.4244,25.9016,44.01,72,99,1.01,LV,2021-04-20 17:05:52
Touros,-5.1989,-35.4608,80.6,78,20,8.05,BR,2021-04-20 17:05:52
Sitka,57.0531,-135.33,48.2,71,1,14.97,US,2021-04-20 17:03:48
Bar Harbor,44.3876,-68.2039,51.01,81,1,4.61,US,2021-04-20 17:02:29
Birjand,32.8663,59.2211,51.8,30,0,6.91,IR,2021-04-20 17:05:53
Hong Kong,22.2855,114.1577,75,76,65,1.99,HK,2021-04-20 17:02:33
Beihai,21.4833,109.1,77.36,86,3,16.73,CN,2021-04-20 17:05:54
Dubinino,55.6192,89.0911,19.36,64,77,4.94,RU,2021-04-20 17:05:55
Mana,5.6592,-53.7767,75.6,91,100,10.31,GF,2021-04-20 17:05:55
Lebu,-37.6167,-73.65,55.72,94,100,4.72,CL,2021-04-20 17:01:53
Arrondissement de Saint-Denis,48.9167,2.3333,53.01,66,0,3.44,FR,2021-04-20 17:01:53
Husavik,66.0449,-17.3389,41,56,75,10.36,IS,2021-04-20 17:03:46
Susa,32.1942,48.2436,83.93,21,99,3.49,IR,2021-04-20 17:05:56
Nabire,-3.3667,135.4833,81.5,79,100,0.98,ID,2021-04-20 17:03:32
Beringovskiy,63.05,179.3167,29.28,73,14,2.39,RU,2021-04-20 17:05:57
Juneau,58.3019,-134.4197,53.6,54,75,12.66,US,2021-04-20 17:05:57
Miami,25.7743,-80.1937,82.99,69,90,11.5,US,2021-04-20 16:57:24
Bosaso,11.2842,49.1816,81.43,70,62,4.21,SO,2021-04-20 17:05:58
Trincomalee,8.5711,81.2335,79.3,82,100,6.98,LK,2021-04-20 17:05:58
Lavrentiya,65.5833,-171,31.46,69,85,7.09,RU,2021-04-20 17:02:54
Nikolayevka,53.1257,47.2041,37.63,81,100,19.66,RU,2021-04-20 17:05:59
Jishu,44.3167,126.8,61.11,25,24,9.1,CN,2021-04-20 17:05:59
Delmenhorst,53.05,8.6167,46,75,0,5.75,DE,2021-04-20 17:06:00
Smoky Lake,54.1169,-112.4686,59,19,55,9.22,CA,2021-04-20 17:06:00
Gravdal,68.1214,13.5031,40.77,85,98,22.84,NO,2021-04-20 17:06:00
Cedar City,37.6775,-113.0619,63,15,1,3.44,US,2021-04-20 17:03:04
High Level,58.5169,-117.136,59,33,1,8.05,CA,2021-04-20 17:06:01
Neiafu,-18.65,-173.9833,84.2,74,40,9.22,TO,2021-04-20 17:06:02
Pevek,69.7008,170.3133,31.14,66,17,21.09,RU,2021-04-20 17:01:00
Bahía Honda,22.9036,-83.1592,81.73,65,37,4.03,CU,2021-04-20 17:06:02
Takoradze,4.8845,-1.7554,80.51,82,81,4.61,GH,2021-04-20 17:01:37
Itakyry,-24.9333,-55.2167,73.4,64,0,2.3,PY,2021-04-20 17:06:03
Bogotol,56.2078,89.5342,16.61,86,98,5.35,RU,2021-04-20 17:06:03
Avera,33.194,-82.5271,71.6,64,1,4.61,US,2021-04-20 17:04:50
Benjamin Constant,-4.3831,-70.0311,78.8,94,40,0.65,BR,2021-04-20 17:06:04
Severo-Kuril'sk,50.6789,156.125,34.86,95,99,20.49,RU,2021-04-20 17:03:00
Kumul,42.8,93.45,62.74,27,15,9.19,CN,2021-04-20 17:06:05
Balyqshy,47.0667,51.8667,50,27,75,26.84,KZ,2021-04-20 17:06:05
Airai,-8.9266,125.4092,66.63,68,90,0.6,TL,2021-04-20 17:02:51
São Miguel do Araguaia,-13.275,-50.1628,72.57,84,10,3.33,BR,2021-04-20 17:06:06
Mt. Pleasant,32.7941,-79.8626,69.01,77,40,4.21,US,2021-04-20 17:06:07
Nioro,13.35,-15.75,82.6,28,9,10.58,GM,2021-04-20 17:06:07
Hobyo,5.3505,48.5268,83.32,72,95,9.26,SO,2021-04-20 17:01:50
Kutum,14.2,24.6667,75.74,9,2,10.69,SD,2021-04-20 17:06:08
Belle Fourche,44.6714,-103.8522,30,57,100,4,US,2021-04-20 17:06:08
Ziarat,30.3823,67.7282,46.56,57,16,3.53,PK,2021-04-20 17:06:08
Plettenberg Bay,-34.0527,23.3716,65.05,74,41,2.13,ZA,2021-04-20 17:02:27
Rock Sound,24.9,-76.2,78.73,83,100,7.02,BS,2021-04-20 17:06:09
Cockburn Town,21.4612,-71.1419,78.8,78,20,13.8,TC,2021-04-20 17:02:16
Cidreira,-30.1811,-50.2056,70.2,72,31,17.16,BR,2021-04-20 17:01:10
Totness,5.8833,-56.3167,75.97,86,99,8.28,SR,2021-04-20 17:06:10
Tasiilaq,65.6145,-37.6368,21.2,68,98,4.74,GL,2021-04-20 17:02:01
Rome,43.2128,-75.4557,41,60,90,10.36,US,2021-04-20 17:02:09
Esim,4.8699,-2.2405,80.85,82,71,4.5,GH,2021-04-20 17:06:11
Naze,28.3667,129.4833,69.8,68,40,17.27,JP,2021-04-20 17:02:02
Āreka,7.0667,37.7,65.8,47,82,5.37,ET,2021-04-20 17:06:12
Bangkalan,-7.0455,112.7351,75.2,88,20,2.3,ID,2021-04-20 17:06:12
Biak,-0.9131,122.8766,79.97,75,87,3.51,ID,2021-04-20 17:06:13
Kuybysheve,47.358,36.6491,46.45,91,98,14.81,UA,2021-04-20 17:06:13
Kampen,52.555,5.9111,45,85,10,4.47,NL,2021-04-20 17:01:34
Bima,-8.4667,118.7167,77.58,75,95,3.76,ID,2021-04-20 17:06:14
Ossora,59.2353,163.0719,33.15,95,96,10.07,RU,2021-04-20 17:06:14
Kupang,-10.1667,123.5833,78.75,78,46,3.33,ID,2021-04-20 17:06:15
Bambamarca,-6.6833,-78.5333,59,72,40,4.61,PE,2021-04-20 17:06:15
Bereda,43.2686,-7.5406,48.99,100,60,1.01,ES,2021-04-20 17:06:15
Vila Franca do Campo,37.7167,-25.4333,60.8,100,40,11.5,PT,2021-04-20 17:03:23
Namtsy,62.7161,129.6658,17.6,53,0,2.24,RU,2021-04-20 17:06:16
Salinas,36.6777,-121.6555,55.4,71,90,23.02,US,2021-04-20 17:04:43
Grindavik,63.8424,-22.4338,37.4,81,75,9.22,IS,2021-04-20 17:01:37
Port Hawkesbury,45.6169,-61.3485,35.01,100,1,6.91,CA,2021-04-20 17:06:17
Labuhan,-6.8844,112.2051,77.27,77,48,5.64,ID,2021-04-20 17:01:01
Peniche,39.3558,-9.3811,59,83,69,9.22,PT,2021-04-20 17:06:17
Iwanai,42.9744,140.5089,45.37,50,10,14.07,JP,2021-04-20 17:03:25
Paamiut,61.994,-49.6678,28.63,91,10,12.15,GL,2021-04-20 17:03:34
Bukachacha,52.9833,116.9167,49.71,32,45,3.09,RU,2021-04-20 17:01:59
Bubaque,11.2833,-15.8333,78.04,69,11,17.34,GW,2021-04-20 17:06:18
Umeå,63.8284,20.2597,36,93,0,3.74,SE,2021-04-20 17:06:13
Khandyga,62.6667,135.6,17.38,88,100,4.68,RU,2021-04-20 17:06:19
Broken Hill,-31.95,141.4333,51.8,58,0,10.36,AU,2021-04-20 17:06:19
Ust-Nera,64.5667,143.2,33.96,91,100,4.45,RU,2021-04-20 17:02:45
Lagunas,-5.2269,-75.6753,73.96,94,74,3.44,PE,2021-04-20 17:06:20
Caravelas,-17.7125,-39.2481,72.66,90,97,1.32,BR,2021-04-20 17:01:20
Nanortalik,60.1432,-45.2371,34.56,79,100,7.29,GL,2021-04-20 17:02:13
Gawler,-34.6,138.7333,54,58,2,5.01,AU,2021-04-20 17:06:21
Pagudpud,18.5616,120.7868,80.6,78,75,24.16,PH,2021-04-20 17:06:22
Atar,20.5169,-13.0499,80.64,15,54,3.69,MR,2021-04-20 17:03:22
Les Cayes,18.2,-73.75,75.96,82,3,6.15,HT,2021-04-20 17:06:23
Maitum,6.0392,124.4986,82.4,74,20,3.44,PH,2021-04-20 17:06:24
São Filipe,14.8961,-24.4956,72.86,73,100,9.35,CV,2021-04-20 17:01:46
Khovd,48.0056,91.6419,36.27,68,52,7.02,MN,2021-04-20 17:06:24
Kavieng,-2.5744,150.7967,83.57,73,100,7.23,PG,2021-04-20 17:02:29
Farafangana,-22.8167,47.8333,69.12,83,60,3.09,MG,2021-04-20 17:06:25
Yarmouth,41.7057,-70.2286,57,62,1,13.8,US,2021-04-20 17:04:19
Saint-Pierre,-21.3393,55.4781,75.2,88,90,5.75,RE,2021-04-20 17:06:25
Praia,14.9215,-23.5087,69.8,78,0,10.36,CV,2021-04-20 17:06:26
Aban,56.67,96.06,20.23,86,100,11.61,RU,2021-04-20 17:06:26
Çorlu,41.1592,27.8,44.6,93,0,2.3,TR,2021-04-20 17:06:27
Bathurst,-33.4166,149.5806,54,56,50,5.01,AU,2021-04-20 17:06:27
Goundam,16.4145,-3.6708,84.94,8,0,11.1,ML,2021-04-20 17:06:27
Forsytheganj,52.6333,29.7333,41.04,91,93,7.02,BY,2021-04-20 17:02:30
Mareeba,-17,145.4333,73.99,100,90,3.44,AU,2021-04-20 17:02:56
Sos'va,59.1766,61.8558,32.67,90,6,4.07,RU,2021-04-20 17:06:28
Sakhipur,24.3,90.1833,78.8,73,75,8.05,BD,2021-04-20 17:06:29
Warrnambool,-38.3833,142.4833,52,82,99,5.01,AU,2021-04-20 17:03:48
Arkadak,51.9326,43.4978,50.38,90,100,23.26,RU,2021-04-20 17:06:30
Gorbunki,59.8182,29.9841,42.01,60,0,11.18,RU,2021-04-20 17:06:30
Linjiang,41.8069,126.9078,62.49,35,2,2.8,CN,2021-04-20 17:06:30
Guozhen,34.3659,107.359,56.86,93,79,2.39,CN,2021-04-20 17:06:31
Iğdır,39.9237,44.045,59,82,75,1.21,TR,2021-04-20 17:06:31
Batemans Bay,-35.7167,150.1833,60.01,61,9,4,AU,2021-04-20 17:03:30
Margate,51.3813,1.3862,48.99,97,12,5.01,GB,2021-04-20 17:03:26
Hambantota,6.1241,81.1185,77,100,20,2.3,LK,2021-04-20 17:02:30
Belmonte,-15.8631,-38.8828,77,83,0,5.75,BR,2021-04-20 17:02:05
Mbandaka,0.0487,18.2603,71.96,97,96,1.25,CD,2021-04-20 17:01:54
Magistral'nyy,56.1725,107.4458,23.52,70,100,2.71,RU,2021-04-20 17:06:33
Māngrol,21.1167,70.1167,79.34,82,100,11.34,IN,2021-04-20 17:06:33
Sinnamary,5.3833,-52.95,74.95,92,100,9.91,GF,2021-04-20 17:06:33
Conde,-7.2597,-34.9075,78.8,100,20,4.61,BR,2021-04-20 17:06:34
Formosa do Rio Preto,-11.0483,-45.1931,70.74,89,67,3.65,BR,2021-04-20 17:06:34
Puerto Escondido,15.85,-97.0667,84.2,74,40,4.61,MX,2021-04-20 17:01:35
Amurzet,47.6967,131.0981,52.3,22,34,5.95,RU,2021-04-20 17:06:35
Kruisfontein,-34.0033,24.7314,59,93,32,1.01,ZA,2021-04-20 17:01:25
Pacific Grove,36.6177,-121.9166,55.4,71,90,16.11,US,2021-04-20 17:06:35
Lafiagi,8.8667,5.4167,81.5,68,73,5.3,NG,2021-04-20 17:06:36
Xingyi,24.1877,102.817,60.33,48,0,4.16,CN,2021-04-20 17:06:36
Zhigansk,66.7697,123.3711,7.5,89,81,4.76,RU,2021-04-20 17:01:37
Huinan,42.6225,126.2614,63.39,31,1,5.57,CN,2021-04-20 17:06:37
Muswellbrook,-32.2667,150.9,59.56,48,3,10.2,AU,2021-04-20 17:06:37
Tambura,5.6,27.4667,69.42,95,100,5.03,SS,2021-04-20 17:06:38
Palmas,-10.2128,-48.3603,75.2,100,20,3.44,BR,2021-04-20 17:06:38
Sonoita,31.85,-112.8333,87.01,6,1,5.01,MX,2021-04-20 17:06:39
Muros,42.7762,-9.0603,52,95,95,2.55,ES,2021-04-20 17:01:31
Yatou,37.15,122.3833,57.18,44,100,7.18,CN,2021-04-20 17:06:40
Pochutla,15.7432,-96.4661,86,54,40,6.91,MX,2021-04-20 17:06:40
Linxia Chengguanzhen,35.6003,103.2064,52.48,61,100,1.72,CN,2021-04-20 17:01:17
Boden,65.8252,21.6886,35.6,80,25,5.75,SE,2021-04-20 17:06:41
Tarakan,3.3,117.6333,82.4,89,75,1.14,ID,2021-04-20 17:01:06
Tomatlán,19.9333,-105.25,81.45,46,0,6.8,MX,2021-04-20 17:06:42
Ranau,5.9538,116.6641,78.8,78,20,5.75,MY,2021-04-20 17:06:42
Bonavista,48.6499,-53.1147,36,100,100,5.75,CA,2021-04-20 17:06:42
Xining,36.6167,101.7667,48.42,47,80,0.69,CN,2021-04-20 17:06:06
West Wendover,40.7391,-114.0733,57.2,19,1,8.05,US,2021-04-20 17:06:43
La Rioja,42.25,-2.5,53.6,76,40,1.97,ES,2021-04-20 17:06:43
Kampot,10.6167,104.1833,82.4,83,20,2.3,KH,2021-04-20 17:06:44
Kununurra,-15.7667,128.7333,77,61,90,6.04,AU,2021-04-20 17:02:07
Havelock,34.8791,-76.9013,66,52,1,5.75,US,2021-04-20 17:06:45
Dubbo,-32.25,148.6167,55.4,62,40,11.5,AU,2021-04-20 17:06:45
Scottsbluff,41.8666,-103.6672,37.4,41,90,19.57,US,2021-04-20 17:06:45
Kargasok,59.0556,80.8572,18.82,95,96,8.03,RU,2021-04-20 17:03:31
Iqaluit,63.7506,-68.5145,24.8,80,90,19.57,CA,2021-04-20 17:02:42
Merauke,-8.4667,140.3333,77.4,90,100,12.37,ID,2021-04-20 17:03:32
Ilulissat,69.2167,-51.1,15.8,73,33,5.75,GL,2021-04-20 17:01:26
São Félix do Xingu,-6.6447,-51.995,73.36,93,85,1.16,BR,2021-04-20 17:01:05
Mitú,1.1983,-70.1733,73.38,95,91,1.48,CO,2021-04-20 17:06:47
Ürümqi,43.801,87.6005,51.8,54,0,2.24,CN,2021-04-20 17:01:49
Chivay,-15.6383,-71.6011,48.47,65,38,6.02,PE,2021-04-20 17:06:47
Helena,46.5927,-112.0361,44.6,31,1,7.58,US,2021-04-20 17:06:48
Okha,53.5739,142.9478,32.27,98,100,9.78,RU,2021-04-20 17:02:18
Key West,24.5557,-81.7826,78.8,83,90,9.22,US,2021-04-20 17:02:42
Rio Grande,-32.035,-52.0986,70,79,24,4,BR,2021-04-20 17:06:49
Cicuco,9.2631,-74.6569,85.62,60,47,8.3,CO,2021-04-20 17:06:50
Konjic,43.6519,17.9614,44.01,93,40,2.3,BA,2021-04-20 17:06:50
Rawson,-43.3002,-65.1023,60.57,93,100,9.55,AR,2021-04-20 17:06:50
Taltal,-25.4,-70.4833,62.76,77,94,3.24,CL,2021-04-20 17:06:51
Ouadda,8.0777,22.4007,66.87,96,100,3.49,CF,2021-04-20 17:06:51
Vao,-22.6667,167.4833,73.36,64,27,6.31,NC,2021-04-20 17:06:52
Katherine,-14.4667,132.2667,82.4,57,0,3.44,AU,2021-04-20 17:01:51
Old Town,50.087,14.4202,45,81,0,3.44,CZ,2021-04-20 17:06:53
Mbanza-Ngungu,-5.25,14.8667,68.79,93,98,3.2,CD,2021-04-20 17:06:53
Baymak,52.5933,58.3225,31.28,47,0,0.83,RU,2021-04-20 17:06:53
Pendra,22.7667,81.95,80.65,34,38,5.88,IN,2021-04-20 17:06:54
Karaman Province,37.0833,33.25,47.25,48,17,5.08,TR,2021-04-20 17:06:54
Ormara,25.2088,64.6357,80.38,73,0,11.07,PK,2021-04-20 17:06:55
Nishihara,26.1842,127.7558,73.4,68,75,17.27,JP,2021-04-20 17:03:21
Borinskoye,52.4569,39.3713,40.21,97,100,3.02,RU,2021-04-20 17:06:55
Catuday,16.2923,119.8062,81.59,70,96,13.96,PH,2021-04-20 17:06:56
Manhuaçu,-20.2581,-42.0336,63.05,88,100,3.53,BR,2021-04-20 17:06:56
Dryden,49.7833,-92.7503,28.4,46,90,5.75,CA,2021-04-20 17:06:57
Tumen,42.9661,129.8425,59.34,21,9,0.83,CN,2021-04-20 17:06:57
Mandalgovi,45.7625,106.2708,52.29,27,98,6.38,MN,2021-04-20 17:06:57
Bandiagara,14.3501,-3.6104,88.47,11,27,7.47,ML,2021-04-20 17:06:58
Ampanihy,-24.7,44.75,67.55,81,17,11.34,MG,2021-04-20 17:06:58
Ubari,26.5921,12.7805,74.7,22,97,17.98,LY,2021-04-20 17:06:59
Beira,-19.8436,34.8389,77,73,40,10.76,MZ,2021-04-20 17:06:59
Palāsa,18.7667,84.4167,78.13,94,13,7.2,IN,2021-04-20 17:07:00
Yangi Marg`ilon,40.4272,71.7189,55.4,82,75,9.22,UZ,2021-04-20 17:07:00
Henties Bay,-22.116,14.2845,75,66,57,5.75,NA,2021-04-20 17:02:25
Samaná,19.2056,-69.3369,84.2,70,20,8.39,DO,2021-04-20 17:07:01
Ryōtsu-minato,38.0833,138.4333,53.6,62,20,8.05,JP,2021-04-20 17:02:29
Saint-Joseph,-21.3667,55.6167,75.2,88,90,5.75,RE,2021-04-20 17:01:45
Mount Gambier,-37.8333,140.7667,46.4,81,90,10.36,AU,2021-04-20 17:07:01
Qasigiannguit,68.8193,-51.1922,15.8,73,13,5.75,GL,2021-04-20 17:07:02
Kiama,-34.6833,150.8667,64,48,31,7,AU,2021-04-20 17:07:02
Enshi,30.3,109.4833,60.33,96,98,1.21,CN,2021-04-20 17:07:03
Ivybridge,50.3904,-3.9191,48.99,79,83,4.61,GB,2021-04-20 17:07:03
Bella Union,-30.2752,-57.6007,68.38,60,0,11.77,UY,2021-04-20 17:07:04
Sekoma,-24.4,23.8833,60.12,42,3,7.23,BW,2021-04-20 17:07:04
Kuito,-12.3833,16.9333,61.27,69,73,3.76,AO,2021-04-20 17:07:05
Ribas do Rio Pardo,-20.4431,-53.7592,73.04,41,43,7.65,BR,2021-04-20 17:07:05
Toamasina,-18.1667,49.3833,73.4,88,75,10.36,MG,2021-04-20 17:07:05
Pangnirtung,66.1451,-65.7125,13.44,89,78,6.85,CA,2021-04-20 17:01:39
Lázaro Cárdenas,17.9583,-102.2,81.12,47,79,8.77,MX,2021-04-20 17:04:13
Kurchum,48.5722,83.6542,29.57,55,97,9.98,KZ,2021-04-20 17:07:06
Kassala,15.451,36.4,89.04,24,0,10.63,SD,2021-04-20 17:04:19
Murchison,-41.8,172.3333,56.53,93,98,1.52,NZ,2021-04-20 17:07:07
Sørland,67.667,12.6934,40.35,84,100,26.89,NO,2021-04-20 17:03:38
Oriximiná,-1.7656,-55.8661,73.89,94,89,2.86,BR,2021-04-20 17:07:08
North Bend,43.4065,-124.2243,55,76,75,21.85,US,2021-04-20 17:07:08
Igunga,-4.2833,33.8833,62.55,93,94,7.7,TZ,2021-04-20 17:07:08
Mthatha,-31.5889,28.7844,54.14,93,61,2.89,ZA,2021-04-20 17:07:09
Mangan,27.5167,88.5333,66.94,65,87,4.32,IN,2021-04-20 17:07:09
Sosnovo,60.5514,30.2144,42.01,35,70,3.94,RU,2021-04-20 17:07:10
Sangar,63.9242,127.4739,10.76,90,100,5.75,RU,2021-04-20 17:07:10
Buala,-8.145,159.5921,86.38,69,82,6.13,SB,2021-04-20 17:03:22
Wucheng,29.6008,118.175,67.19,61,4,2.28,CN,2021-04-20 17:07:11
Adrar,20.5022,-10.0711,81.84,7,94,8.95,MR,2021-04-20 17:01:05
Palu,-0.8917,119.8707,82.02,71,88,1.88,ID,2021-04-20 17:07:11
Pimentel,-6.8367,-79.9342,69.8,83,20,21.85,PE,2021-04-20 17:07:12
Clarence Town,-32.5833,151.7833,68,48,40,13.8,AU,2021-04-20 17:07:12
Maracaí,-22.6106,-50.6672,68.38,61,7,8.93,BR,2021-04-20 17:07:12
Khasan,42.4308,130.6434,51.96,38,11,1.72,RU,2021-04-20 17:07:13
Vestmanna,62.1564,-7.1664,32,80,6,6.91,FO,2021-04-20 17:07:13
Morant Bay,17.8815,-76.4093,82.4,65,20,24.16,JM,2021-04-20 17:07:14
Vanimo,-2.6741,141.3028,83.35,69,100,1.61,PG,2021-04-20 17:07:14
Uzhur,55.3036,89.8339,19.04,58,44,4.63,RU,2021-04-20 17:07:15
Hauterive,46.0901,3.4459,48.99,87,90,4.61,FR,2021-04-20 17:07:15
Vega de Alatorre,20.0333,-96.6333,75.63,85,100,11.65,MX,2021-04-20 17:07:16
Madang,-5.2246,145.7966,81.37,76,100,3.65,PG,2021-04-20 17:07:16
Meadow Lake,34.8014,-106.5436,71.01,24,75,28.77,US,2021-04-20 17:03:48
Dondo,-19.6094,34.7431,77,73,40,6.4,MZ,2021-04-20 17:01:39
Srednekolymsk,67.45,153.6833,36.48,97,11,11.65,RU,2021-04-20 17:07:17
Camaná,-16.6228,-72.7111,69.04,85,74,7.63,PE,2021-04-20 17:07:18
Corrales,35.2378,-106.6067,64.99,20,75,13.8,US,2021-04-20 17:06:08
Thinadhoo,0.5333,72.9333,81.86,66,69,5.01,MV,2021-04-20 17:07:19
Tommot,58.9564,126.2925,29.08,86,93,1.25,RU,2021-04-20 17:02:35
San Juan Bautista,-14.0108,-75.7358,66.2,88,0,21.85,PE,2021-04-20 17:07:19
Kysyl-Syr,63.8986,122.7617,14.11,91,86,3.4,RU,2021-04-20 17:02:45
Iki-Burul,45.8208,44.6472,53.6,94,100,6.71,RU,2021-04-20 17:07:20
Solano,38.2333,-121.9511,71.6,37,1,21.85,US,2021-04-20 17:07:20
Sheridan,44.8333,-106.9173,35.01,80,40,11.5,US,2021-04-20 17:07:21
Solnechnyy,50.7214,136.6319,43.23,42,2,1.05,RU,2021-04-20 17:01:23
Launceston,-41.45,147.1667,45,70,4,3.44,AU,2021-04-20 17:02:11
Fort Nelson,58.8053,-122.7002,66.2,15,40,10.36,CA,2021-04-20 17:07:21
Vila Velha,-20.3297,-40.2925,79,94,40,3.44,BR,2021-04-20 17:07:22
Filimonovo,56.2011,95.4611,19.99,78,100,14.12,RU,2021-04-20 17:07:22
Benghazi,32.1167,20.0667,59.27,68,1,10.22,LY,2021-04-20 17:07:23
Kropotkin,45.4375,40.5756,50.68,82,82,16.08,RU,2021-04-20 17:07:23
Mezen',65.8522,44.24,32.92,81,8,5.97,RU,2021-04-20 17:07:24
Ryzdvyany,45.2656,41.8389,51.8,62,75,20.13,RU,2021-04-20 17:07:24
Imbituba,-28.24,-48.6703,68,83,40,12.66,BR,2021-04-20 17:02:28
Puyang,29.4603,119.8861,65.12,74,1,3.51,CN,2021-04-20 17:07:25
Mount Isa,-20.7333,139.5,80.6,34,4,8.05,AU,2021-04-20 17:03:51
Tulun,54.5611,100.5792,23.13,46,97,10.11,RU,2021-04-20 17:07:25
Kirensk,57.7853,108.1119,19.33,80,63,3.24,RU,2021-04-20 17:07:26
Tagusao,9.1924,117.8141,80.49,81,100,11.27,PH,2021-04-20 17:01:11
Waunakee,43.1919,-89.4557,41,36,90,3.44,US,2021-04-20 17:07:26
Monchegorsk,67.9397,32.8739,32.54,91,67,7.27,RU,2021-04-20 17:07:27
Vila do Maio,15.1333,-23.2167,69.8,78,0,10.36,CV,2021-04-20 17:02:46
Demidov,55.2706,31.515,37.2,91,89,3.47,RU,2021-04-20 17:07:27
Puerto Varas,-41.3195,-72.9854,50,100,90,3.44,CL,2021-04-20 17:07:28
Caher,52.3769,-7.9217,46,92,82,4,IE,2021-04-20 17:07:28
Novoderevyankovskaya,46.3231,38.7472,49.19,89,80,17.49,RU,2021-04-20 17:07:28
